{"cameraMode":{"drawMode":0,"name":"Shaded","section":"Shading Mode"},"sceneLighting":true,"audioPlay":false,"sceneViewState":{"m_AlwaysRefresh":false,"showFog":true,"showSkybox":true,"showFlares":true,"showImageEffects":true,"showParticleSystems":true,"showVisualEffectGraphs":true,"m_FxEnabled":true},"in2DMode":false,"pivot":{"x":-4.9138641357421879,"y":22.2714900970459,"z":91.37535858154297},"rotation":{"x":0.007961949333548546,"y":-0.09734297543764115,"z":0.00077871821122244,"w":0.9952200055122376},"size":38.33352279663086,"orthographic":true}