{"cameraMode":{"drawMode":0,"name":"Shaded","section":"Shading Mode"},"sceneLighting":true,"audioPlay":false,"sceneViewState":{"m_AlwaysRefresh":false,"showFog":true,"showSkybox":true,"showFlares":true,"showImageEffects":true,"showParticleSystems":true,"showVisualEffectGraphs":true,"m_FxEnabled":true},"in2DMode":false,"pivot":{"x":-6.148131370544434,"y":13.474043846130371,"z":88.55259704589844},"rotation":{"x":0.04647155851125717,"y":-0.022473709657788278,"z":0.0010458325268700719,"w":0.9986667037010193},"size":31.51569938659668,"orthographic":true}